iter	RMSE
0	10816.76489
1	7553.061621
2	5718.329878
3	5046.059343
4	4779.394241
