iter	RMSE
0	10579.43331
1	7374.115317
2	5584.817958
3	4930.409862
4	4699.887466
