iter	RMSE
0	11020.41704
1	7564.103792
2	5706.423275
3	4959.626865
4	4702.230964
