iter	RMSE
0	11001.59577
1	7658.60665
2	5809.164028
3	5122.050156
4	4875.844125
