iter	RMSE
0	10876.44128
1	7511.547203
2	5693.80065
3	4988.821001
4	4744.943499
